Date,Headline
2025-04-26,Is UK prime property making a comeback as a safe haven asset?
2025-04-27,"Metals experienced a near across-the-board decline, with LME nickel dropping over 2%. The upward trend in gold prices temporarily paused, but there may still be support in the subsequent period? [Overnight Market]"
2025-04-27,Does Wall Street's Sell-Off Have You Interested in Gold? 2 ETFs You'll Want to Dig Into.
2025-04-27,The safe haven asset investors are flocking to - should you invest?
2025-04-27,"Should You Buy Bitcoin While It's Under $95,000?"
2025-04-27,Asia-Pacific markets trade mixed after China vows targeted measures to support industries
2025-04-27,"From mining giants to Big Oil, major players are jumping on the ‘white hydrogen' bandwagon"
2025-04-27,"Indian Housewife Is The Smartest Fund Manager In The World, Says Uday Kotak"
2025-04-28,"Gold falls on firmer dollar, US-China trade tension subside"
2025-04-28,"Thai bonds see rush of inflows on rate-cut bets, gold prices"
2025-04-28,IGMFX Reviews & News: Investors Can Trace Their Lost Funds (Update Released)
2025-04-28,"Jewellery Buyers Pivot To Recycling, Lightweight Designs As Gold Prices Soar"
2025-04-28,Gold falls as easing US-China tensions dent safe-haven demand
2025-04-28,Markets Pilot Reviews & News: Investors Can Trace Their Lost Funds (Update Released)
2025-04-28,"Tin Industry Co., Ltd.: Prices of Main Products Including Tin, Copper, and Zinc Rose YoY, with Net Profit for Q1 Up 53.08% YoY"
2025-04-28,"Metals Generally Decline, with Polysilicon, Lithium Carbonate, SHFE Silver, Coking Coal and Coke Among Top Losers, While HRC Rises Over 1% [[SMM Midday Review]]"
2025-04-28,US Copper Welcomes Fast-Tracking Of Mining Permits By The US Government
2025-04-28,Burkina Faso grants Nordgold mining licence for Niou gold deposit
2025-04-28,Gold sinks over 1% as easing US-China tensions curb safe-haven demand
2025-04-28,The World Economy Is Reaching 'Limits Of Growth'
