Topic_number,Topic_Name
1,Gold Price Momentum
2,Market Rate Expectations
3,Global Investment Trends
4,Gold Settlement Fluctuations
5,Time Sensitivity
6,Economic Data Impact
7,Gold Trading Strategies
8,Early Gold Trading Activity
9,Spot Gold Trading Outlook
10,Daily Gold Market Closing
11,Gold Market Turning Points
12,Global Economic Influences
13,China's Market Focus
14,Gold and Metal Prices
15,Recent Gold Price Lows
16,Gold Settlement Increases
17,Gold Data Dependencies
18,Rate Hike Speculation
